City_ID,City,Lat,Lng,Max Temp,Humidity,Cloudiness,Wind Speed,Country,Date
0,port-aux-francais,-49.35,70.2167,2.48,89,98,8.3,TF,1730173595
1,grytviken,-54.2811,-36.5092,-0.31,96,100,2.37,GS,1730173597
2,yellowknife,62.456,-114.3525,-3.71,86,100,5.14,CA,1730173598
3,puerto natales,-51.7236,-72.4875,8.42,82,82,5.39,CL,1730173599
4,waitangi,-43.9535,-176.5597,14.9,83,28,1.79,NZ,1730173600
5,east ballina,-28.8667,153.5833,21.99,67,61,4.89,AU,1730173601
6,adamstown,-25.066,-130.1015,21.05,75,16,3.1,PN,1730173602
7,katsuren-haebaru,26.3369,127.8719,26.21,88,75,6.69,JP,1730173606
8,wailua homesteads,22.0669,-159.378,25.44,88,75,6.69,US,1730173607
9,st. john's,47.5649,-52.7093,3.09,86,20,4.63,CA,1730173608
10,kuta,-8.7233,115.1723,30.97,74,20,4.63,ID,1730173609
11,abepura,-2.6333,140.5833,30.45,66,20,2.57,ID,1730173612
12,katabu,-4.9333,122.5167,34.78,43,95,1.51,ID,1730173613
13,cervantes,-39.05,-67.3833,22.76,15,5,2.45,AR,1730173614
14,thompson,55.7435,-97.8558,3.09,87,100,5.14,CA,1730173615
15,blackmans bay,-43.0167,147.3167,20.85,47,13,2.7,AU,1730173616
16,kerouane,9.2667,-9.0167,21.31,92,99,1.56,GN,1730173617
17,qaqortoq,60.7167,-46.0333,-0.18,96,100,2.48,GL,1730173618
18,remire-montjoly,4.9167,-52.2667,23.02,100,0,0.0,GF,1730173619
19,edinburgh of the seven seas,-37.0676,-12.3116,13.04,71,0,8.4,SH,1730173621
20,margaret river,-33.95,115.0667,23.04,55,13,6.18,AU,1730173622
21,cabo san lucas,22.8909,-109.9124,30.17,51,0,4.63,MX,1730173541
22,luwuk,-0.9516,122.7875,30.66,50,30,2.61,ID,1730173624
23,iqaluit,63.7506,-68.5145,-7.15,85,100,4.12,CA,1730173625
24,palikir - national government center,6.9248,158.1611,33.41,66,75,4.12,FM,1730173626
25,pariaman,-0.619,100.12,31.03,64,40,2.79,ID,1730173627
26,beltangadi,13.9833,75.3,23.91,77,24,1.78,IN,1730173629
27,bethel,41.3712,-73.414,7.96,85,0,0.0,US,1730173631
28,olonkinbyen,70.9221,-8.7187,-4.12,89,100,7.55,SJ,1730173632
29,wellington,-41.2866,174.7756,15.81,72,75,11.83,NZ,1730173402
30,aasiaat,68.7098,-52.8699,-18.62,88,39,2.72,GL,1730173634
31,hamilton,39.1834,-84.5333,17.77,74,75,3.6,US,1730173636
32,lompoc,34.6391,-120.4579,13.94,85,100,7.2,US,1730173639
33,ugoofaaru,5.6667,73.0,27.07,82,38,6.43,MV,1730173641
34,stanley,54.868,-1.6985,11.27,97,75,2.57,GB,1730173642
35,kodiak,57.79,-152.4072,6.73,100,100,2.57,US,1730173643
36,hammerfest,70.6634,23.6821,3.25,75,75,16.98,NO,1730173644
37,bloomington,44.8408,-93.2983,19.7,68,100,8.23,US,1730173645
38,avarua,-21.2078,-159.775,24.03,73,75,5.66,CK,1730173646
39,nova sintra,14.8667,-24.7167,25.67,69,37,6.66,CV,1730173647
40,isafjordur,66.0755,-23.124,1.34,94,100,3.41,IS,1730173648
41,albany,42.6001,-73.9662,2.23,79,18,0.72,US,1730173650
42,talnakh,69.4865,88.3972,-8.75,95,95,3.12,RU,1730173651
43,ilulissat,69.2167,-51.1,-14.99,61,22,1.54,GL,1730173652
44,wolvega,52.8755,5.9969,13.32,61,100,5.04,NL,1730173654
45,papatowai,-46.5619,169.4708,11.99,54,43,5.7,NZ,1730173655
46,sao joao da barra,-21.6403,-41.0511,21.81,89,100,3.13,BR,1730173656
47,langsa,4.4683,97.9683,31.79,59,99,1.57,ID,1730173658
48,fale old settlement,-9.3852,-171.2468,28.39,72,55,2.98,TK,1730173659
49,constantia,44.1833,28.65,10.39,85,31,4.86,RO,1730173660
50,touros,-5.1989,-35.4608,25.4,73,10,6.05,BR,1730173661
51,uturoa,-16.7333,-151.4333,25.38,75,35,9.57,PF,1730173662
52,serenje,-13.2325,30.2352,18.77,77,98,1.11,ZM,1730173663
53,tura,25.5198,90.2201,27.72,68,8,1.6,IN,1730173664
54,kolonia,50.9333,6.95,12.75,91,20,0.51,DE,1730173665
55,icano,-28.9193,-65.3282,21.36,46,0,2.02,AR,1730173667
56,xinzhi,36.4989,111.7047,19.36,44,19,2.26,CN,1730173669
57,recani,31.2846,-4.2688,15.36,52,0,1.83,MA,1730173670
58,vorgashor,67.5833,63.95,-2.61,96,100,5.01,RU,1730173671
59,hinthada,17.6333,95.4667,30.52,73,8,0.85,MM,1730173672
60,bilibino,68.0546,166.4372,-21.27,95,89,1.57,RU,1730173673
61,ushuaia,-54.8,-68.3,5.81,70,0,2.57,AR,1730173675
62,mount gambier,-37.8333,140.7667,18.47,53,12,4.14,AU,1730173475
63,hithadhoo,-0.6,73.0833,27.44,78,100,4.53,MV,1730173677
64,mwinilunga,-11.7358,24.4293,17.02,93,77,1.62,ZM,1730173678
65,anna regina,7.2644,-58.5077,26.46,74,77,3.59,GY,1730173679
66,acapulco de juarez,16.8634,-99.8901,24.68,82,84,1.97,MX,1730173680
67,nampula,-15.1165,39.2666,23.46,77,3,3.72,MZ,1730173681
68,atafu village,-8.5421,-172.5159,28.31,71,95,1.88,TK,1730173682
69,egilsstadir,65.2653,-14.3948,7.95,61,75,2.57,IS,1730173684
70,colonia,50.9333,6.95,12.75,91,20,0.51,DE,1730173665
71,huilong,31.8111,121.655,18.46,59,73,5.25,CN,1730173686
72,taroa,8.7058,171.2275,28.9,72,90,4.53,MH,1730173687
73,invercargill,-46.4,168.35,12.23,63,27,5.81,NZ,1730173688
74,prado,-17.3411,-39.2208,23.05,91,53,1.21,BR,1730173689
75,hawaiian paradise park,19.5933,-154.9731,24.39,96,100,3.67,US,1730173690
76,lebu,-37.6167,-73.65,10.35,95,30,5.25,CL,1730173692
77,vilyuchinsk,52.9306,158.4028,4.15,80,100,7.36,RU,1730173693
78,la'ie,21.6477,-157.9253,27.66,85,99,3.58,US,1730173694
79,port augusta,-32.5,137.7667,28.9,19,0,4.46,AU,1730173696
80,tolanaro,-25.0319,46.9987,24.04,88,40,7.2,MG,1730173697
81,west island,-12.1568,96.8225,27.99,78,75,4.63,CC,1730173698
82,merritt,50.1123,-120.7942,5.74,71,100,0.45,CA,1730173700
83,mabaruma,8.2,-59.7833,23.25,95,100,0.42,GY,1730173701
84,georgetown,5.4112,100.3354,27.97,84,40,2.24,MY,1730173702
85,ribeira grande,38.5167,-28.7,18.21,69,45,1.34,PT,1730173703
86,keflavik,64.0049,-22.5624,7.24,87,75,7.2,IS,1730173704
87,aken,50.7766,6.0834,12.86,86,39,3.26,DE,1730173705
88,massawa,15.6097,39.45,29.5,68,14,1.18,ER,1730173707
89,kostomuksha,64.571,30.5767,0.1,83,7,5.03,RU,1730173709
90,tiksi,71.6872,128.8694,-21.6,99,96,1.57,RU,1730173710
91,juneau,58.3019,-134.4197,3.0,95,100,4.63,US,1730173711
92,island harbour,50.724,-1.2758,15.01,76,97,1.79,GB,1730173712
93,lobito,-12.3481,13.5456,23.08,82,11,2.26,AO,1730173713
94,iquitos,-3.7481,-73.2472,24.02,94,100,3.09,PE,1730173714
95,jamestown,42.097,-79.2353,9.8,75,0,3.09,US,1730173715
96,malyye derbety,47.9547,44.6808,7.72,55,98,1.98,RU,1730173717
97,ust-nera,64.5667,143.2,-17.04,95,84,1.26,RU,1730173718
98,devils lake,48.1128,-98.8651,6.64,78,0,0.0,US,1730173719
99,pathardi,19.1667,75.1833,26.89,45,43,1.44,IN,1730173720
100,luderitz,-26.6481,15.1594,14.73,77,0,5.87,NA,1730173721
101,saint-philippe,-21.3585,55.7679,24.6,74,5,3.73,RE,1730173722
102,tromso,69.6496,18.957,1.01,80,75,6.17,NO,1730173723
103,port macquarie,-31.4333,152.9167,21.15,68,92,0.45,AU,1730173724
104,kupang,-10.1667,123.5833,36.32,49,40,8.23,ID,1730173726
105,lensk,60.7253,114.9278,-5.53,90,100,0.99,RU,1730173727
106,porto novo,6.4965,2.6036,26.9,90,91,1.22,BJ,1730173728
107,illizi,26.4833,8.4667,25.47,20,60,3.96,DZ,1730173729
108,puerto armuelles,8.2833,-82.8667,27.83,75,100,0.45,PA,1730173730
109,minas de marcona,-15.2119,-75.1103,13.26,83,21,2.84,PE,1730173731
110,poronaysk,49.2167,143.1167,6.6,43,40,2.71,RU,1730173732
111,chonchi,-42.6128,-73.8092,8.95,97,55,1.27,CL,1730173733
112,taltal,-25.4,-70.4833,16.07,83,33,1.6,CL,1730173735
113,cabugao,17.7931,120.4578,30.5,81,100,7.61,PH,1730173736
114,lazaro cardenas,17.9583,-102.2,25.94,83,0,1.71,MX,1730173737
115,dudinka,69.4058,86.1778,-8.07,97,91,3.23,RU,1730173738
116,odda,60.0691,6.5457,-0.67,79,68,1.43,NO,1730173739
117,whitehorse,60.7161,-135.0538,-6.57,86,40,7.2,CA,1730173740
118,sinabang,2.4803,96.3801,29.87,66,98,0.86,ID,1730173741
119,freetown,8.484,-13.2299,25.78,84,82,1.66,SL,1730173743
120,salinopolis,-0.6136,-47.3561,26.57,76,5,4.65,BR,1730173744
121,rabo de peixe,37.8,-25.5833,17.77,99,75,3.09,PT,1730173745
122,guymon,36.6828,-101.4816,20.0,34,0,5.66,US,1730173746
123,burhanuddin,22.4918,90.7235,28.64,68,8,2.04,BD,1730173747
124,copala,16.65,-98.9833,25.82,85,76,1.63,MX,1730173748
125,hermanus,-34.4187,19.2345,15.45,87,34,2.93,ZA,1730173749
126,saipan,15.1355,145.701,32.39,74,75,4.63,MP,1730173750
127,wauchope,-31.45,152.7333,21.19,68,100,2.27,AU,1730173752
128,macas,-2.3167,-78.1167,19.28,96,100,0.77,EC,1730173753
129,saint-felix-de-valois,46.1668,-73.4324,-1.33,43,99,1.13,CA,1730173754
130,olinda,-8.0089,-34.8553,26.85,69,40,5.66,BR,1730173755
131,longyearbyen,78.2186,15.6401,-2.09,93,75,2.57,SJ,1730173756
132,puerto ayora,-0.7393,-90.3518,19.91,85,54,4.07,EC,1730173757
133,udachny,66.4167,112.4,-20.8,99,95,2.22,RU,1730173758
134,sandnessjoen,66.0217,12.6316,4.48,73,100,6.81,NO,1730173759
135,sur,22.5667,59.5289,29.94,52,0,2.67,OM,1730173761
136,balikpapan,-1.2675,116.8289,30.55,66,20,1.54,ID,1730173762
137,nantucket,41.2835,-70.0995,7.86,64,0,4.16,US,1730173763
138,cabedelo,-6.9811,-34.8339,25.37,69,66,6.51,BR,1730173764
139,tazovsky,67.4667,78.7,-8.58,100,98,0.68,RU,1730173765
140,afaahiti,-17.75,-149.2833,23.24,71,93,7.72,PF,1730173766
141,tucurui,-3.7661,-49.6725,27.88,49,40,2.67,BR,1730173767
142,tsuruoka,38.7217,139.8217,16.02,48,0,4.63,JP,1730173769
143,smirnykh,49.75,142.8333,5.08,46,76,5.37,RU,1730173770
144,petrolina,-9.3986,-40.5008,28.03,54,0,6.69,BR,1730173771
145,bredasdorp,-34.5322,20.0403,13.99,92,4,2.24,ZA,1730173772
146,mogadishu,2.0371,45.3438,25.94,78,84,3.67,SO,1730173773
147,novo aripuana,-5.1206,-60.3797,27.52,49,81,0.72,BR,1730173774
148,tchintabaraden,15.8969,5.7985,24.99,15,53,3.7,NE,1730173775
149,nyagan,62.1406,65.3936,-0.81,81,100,3.11,RU,1730173778
150,gao,16.6362,1.637,26.42,16,85,4.31,ML,1730173779
151,rocha,-34.4833,-54.3333,14.28,81,0,2.97,UY,1730173780
152,sidi akkacha,36.4647,1.3026,22.16,70,100,4.18,DZ,1730173781
153,ambodifotatra,-16.9833,49.85,25.03,88,75,0.0,MG,1730173782
154,ujae,8.9322,165.7642,28.77,75,68,4.27,MH,1730173783
155,tamanrasset,22.785,5.5228,16.95,27,0,3.09,DZ,1730173784
156,kill devil hills,36.0307,-75.676,17.21,79,0,1.54,US,1730173786
157,al muwayh,22.4333,41.7583,24.2,42,63,4.45,SA,1730173787
158,saudarkrokur,65.7461,-19.6394,2.12,98,100,3.85,IS,1730173788
159,mitchell,43.7094,-98.0298,8.99,57,0,3.09,US,1730173789
160,al kharj,24.155,47.3346,20.32,30,5,2.11,SA,1730173790
161,portage la prairie,49.9728,-98.2926,9.05,61,20,4.12,CA,1730173791
162,klyuchi,52.2667,79.1667,0.75,94,100,9.33,RU,1730173792
163,san julian,21.0167,-102.1667,15.1,44,12,1.2,MX,1730173794
164,badger,64.8,-147.5333,-5.57,87,100,1.54,US,1730173795
165,zhangjiakou,40.81,114.8794,13.73,35,2,5.15,CN,1730173796
166,port douglas,-16.4833,145.4667,26.62,81,100,5.98,AU,1730173797
167,yakeshi,49.2833,120.7333,4.35,66,100,2.04,CN,1730173798
168,pacific grove,36.6177,-121.9166,14.12,91,20,5.36,US,1730173799
169,misratah,32.3754,15.0925,21.92,74,7,3.93,LY,1730173801
170,kattivakkam,13.2167,80.3167,30.54,86,14,3.69,IN,1730173802
171,chernyshevskiy,63.0128,112.4714,-15.59,89,95,0.95,RU,1730173803
172,westport,41.1415,-73.3579,12.64,80,20,4.47,US,1730173804
173,utrik,11.2278,169.8474,28.75,76,36,4.66,MH,1730173805
174,sao jose da coroa grande,-8.8978,-35.1478,25.14,77,55,4.8,BR,1730173806
175,fort mcmurray,56.7268,-111.381,-0.23,80,100,7.2,CA,1730173807
176,saurimo,-9.6608,20.3916,19.21,88,100,0.71,AO,1730173809
177,petropavlovsk-kamchatsky,53.0452,158.6483,3.33,45,75,12.0,RU,1730173810
178,hasaki,35.7333,140.8333,17.83,79,100,7.79,JP,1730173811
179,celestun,20.8667,-90.4,24.76,83,51,5.18,MX,1730173812
180,mirny,62.5353,113.9611,-14.07,91,97,1.15,RU,1730173813
181,cabinda,-5.55,12.2,26.08,83,100,2.57,AO,1730173814
182,kone,-21.0595,164.8658,25.76,66,94,4.03,NC,1730173815
183,college,64.8569,-147.8028,-5.52,86,100,1.54,US,1730173817
184,ellensburg,46.9965,-120.5479,6.43,80,0,4.12,US,1730173518
185,regina,50.4501,-104.6178,2.99,65,0,1.03,CA,1730173819
186,gwanda,-20.9333,29.0,21.2,22,88,2.84,ZW,1730173820
187,pokrovsk,48.282,37.1758,8.21,74,100,2.54,UA,1730173821
188,loreto,22.2667,-101.9667,14.65,50,0,4.41,MX,1730173822
189,point pedro,9.8167,80.2333,29.01,74,100,3.69,LK,1730173823
190,vrangel',42.7297,133.0839,10.54,61,67,2.03,RU,1730173825
191,obo,5.3998,26.4869,19.61,93,11,1.01,CF,1730173826
192,iskateley,67.6803,53.1512,1.0,84,100,6.83,RU,1730173827
193,ta`u,-14.2336,-169.5144,26.85,80,21,8.29,AS,1730173828
194,yuncheng,35.0231,110.9928,21.43,44,4,2.31,CN,1730173829
195,fonte boa,-2.4959,-66.2662,23.4,93,83,1.47,BR,1730173830
196,koungheul,13.9833,-14.8,25.78,35,13,2.86,SN,1730173833
197,pimentel,-6.8367,-79.9342,18.16,82,0,6.17,PE,1730173835
198,raduzhny,62.0961,77.475,-1.35,87,89,2.56,RU,1730173836
199,mokhsogollokh,61.4681,128.9203,-11.59,87,98,2.17,RU,1730173837
200,crane,31.3974,-102.3501,22.09,36,0,12.36,US,1730173838
201,al khawr,25.7667,51.3167,26.03,44,75,6.52,QA,1730173840
202,yabelo,4.8833,38.0833,15.91,85,78,2.82,ET,1730173842
203,ipoh,4.5841,101.0829,31.78,94,40,4.12,MY,1730173843
204,suntar,62.1444,117.6319,-13.7,89,99,1.42,RU,1730173844
205,malabar,-33.9667,151.25,25.09,56,20,7.72,AU,1730173846
206,lihue,21.9789,-159.3672,25.77,86,75,6.69,US,1730173561
207,lerwick,60.1545,-1.1494,10.56,94,100,7.65,GB,1730173849
208,kurmuk,10.55,34.2833,21.9,77,79,0.7,SD,1730173850
209,suomussalmi,64.8869,28.9078,0.17,81,10,4.76,FI,1730173851
210,lorengau,-2.0226,147.2712,28.71,75,92,1.77,PG,1730173852
211,siaya,0.0612,34.2882,18.24,86,34,2.09,KE,1730173853
212,jayapura,-2.5333,140.7,30.66,84,100,2.25,ID,1730173854
213,pocao de pedras,-4.6667,-44.85,25.54,74,65,2.86,BR,1730173855
214,charters towers,-20.1,146.2667,34.3,24,8,3.58,AU,1730173857
215,nokha,27.6,73.4167,32.31,19,0,2.57,IN,1730173859
216,waimea,20.0231,-155.6717,20.81,90,96,3.58,US,1730173860
217,camana,-16.6228,-72.7111,17.56,85,87,2.53,PE,1730173861
218,heze,35.2431,115.4411,21.81,43,0,4.18,CN,1730173862
219,mata-utu,-13.2816,-176.1745,27.6,78,59,7.07,WF,1730173864
220,rawson,-43.3002,-65.1023,14.16,23,0,2.06,AR,1730173865
221,oriximina,-1.7656,-55.8661,27.09,45,0,1.7,BR,1730173866
222,muli,2.9167,73.5667,27.99,76,95,5.64,MV,1730173867
223,kavieng,-2.5744,150.7967,29.5,71,8,3.67,PG,1730173868
224,mangrol,21.1167,70.1167,29.03,67,59,3.32,IN,1730173869
225,adrar,20.5022,-10.0711,21.23,37,98,3.9,MR,1730173870
226,nguigmi,14.2495,13.1092,24.02,21,3,5.23,NE,1730173872
227,anshun,26.25,105.9333,18.45,49,0,2.13,CN,1730173873
228,yokadouma,3.5167,15.05,20.64,99,84,0.56,CM,1730173874
229,irymple,-34.25,142.1667,26.16,27,0,0.89,AU,1730173875
230,uryv-pokrovka,51.1159,39.1639,6.93,84,95,2.31,RU,1730173876
231,nurota,40.5614,65.6886,6.4,67,0,1.77,UZ,1730173877
232,sheboygan,43.7333,-87.9334,15.88,67,100,7.2,US,1730173878
233,vila franca do campo,37.7167,-25.4333,18.27,99,81,2.14,PT,1730173879
234,porto seguro,-16.4497,-39.0647,24.29,94,20,1.03,BR,1730173881
235,port mathurin,-19.6833,63.4167,23.39,76,41,4.23,MU,1730173882
236,kasongo,-4.45,26.6667,20.63,95,94,0.18,CD,1730173883
237,siwa oasis,29.2041,25.5195,17.95,70,19,2.96,EG,1730173884
238,sao geraldo do araguaia,-6.4006,-48.555,28.6,39,19,0.38,BR,1730173885
239,xiaoweizhai,26.1903,107.5125,21.6,52,0,1.85,CN,1730173886
240,khandyga,62.6667,135.6,-15.14,78,97,1.25,RU,1730173887
241,zhezqazghan,47.7833,67.7667,2.32,93,100,3.0,KZ,1730173889
242,tofol,5.3248,163.0078,30.88,74,75,1.54,FM,1730173890
243,coari,-4.085,-63.1414,25.36,57,85,1.03,BR,1730173891
244,prineville,44.2999,-120.8345,4.73,78,75,3.09,US,1730173892
245,lata,40.1629,-8.3327,10.23,87,0,2.18,PT,1730173893
246,ciudad lazaro cardenas,17.9583,-102.2,25.94,83,0,1.71,MX,1730173894
247,vadso,70.0744,29.7487,4.09,70,100,12.35,NO,1730173895
248,labrador city,52.9463,-66.9114,-8.05,81,0,31.29,CA,1730173896
249,maceio,-9.6658,-35.7353,23.69,94,40,1.54,BR,1730173898
250,holualoa,19.6228,-155.9522,24.35,91,93,1.94,US,1730173899
251,fukuecho,32.6881,128.8419,22.2,73,75,3.6,JP,1730173900
252,sitka,57.0531,-135.33,6.94,81,75,4.63,US,1730173901
253,onega,63.9061,38.1404,2.03,88,84,4.58,RU,1730173902
254,alesund,62.4723,6.1549,6.08,66,89,6.17,NO,1730173903
255,fenoarivo be,-18.4333,46.5667,23.51,56,10,2.79,MG,1730173904
256,collie,-33.3667,116.15,32.61,16,2,2.15,AU,1730173905
257,bontang,0.1333,117.5,30.11,66,60,3.72,ID,1730173907
258,copiapo,-27.3667,-70.3333,17.09,60,0,0.75,CL,1730173908
259,newman,37.3138,-121.0208,14.47,63,7,1.34,US,1730173909
260,pisco,-13.7,-76.2167,17.03,88,0,4.12,PE,1730173910
261,happy valley-goose bay,53.3168,-60.3315,-0.83,64,75,5.66,CA,1730173911
262,vernon,50.2581,-119.2691,7.64,88,89,1.79,CA,1730173802
263,khouribga,32.9333,-6.6,8.46,76,53,2.67,MA,1730173913
264,kijang,35.2442,129.2139,18.85,66,90,7.35,KR,1730173914
265,alice springs,-23.7,133.8833,33.75,9,84,6.69,AU,1730173916
266,shakhtinsk,49.71,72.5872,0.7,87,58,4.41,KZ,1730173917
267,bennington,42.8781,-73.1968,4.25,73,0,2.57,US,1730173918
268,gebeit,21.0667,36.3167,21.79,47,0,2.33,SD,1730173919
269,ola,59.5833,151.2833,-5.98,54,100,6.11,RU,1730173920
270,zaozersk,69.4005,32.4476,1.59,75,43,12.32,RU,1730173921
271,kalmunai,7.4167,81.8167,29.52,71,97,0.85,LK,1730173922
272,kristiansund,63.1115,7.732,3.96,80,75,1.03,NO,1730173924
273,novyy urengoy,66.0833,76.6333,-3.57,97,99,2.45,RU,1730173925
274,qarazhal,48.0078,70.7903,1.75,82,73,4.26,KZ,1730173926
275,beyneu,45.3167,55.2,7.86,77,100,2.83,KZ,1730173927
276,salym,60.0625,71.4789,-0.7,92,100,2.34,RU,1730173928
277,sanctuary point,-35.1114,150.629,18.87,56,10,4.76,AU,1730173929
278,anadyr,64.75,177.4833,-6.72,86,0,4.0,RU,1730173930
279,tokonou,9.65,-9.7833,20.98,94,94,0.5,GN,1730173931
280,yafran,32.0633,12.5286,20.6,38,3,5.11,LY,1730173933
281,strezhevoy,60.7333,77.5889,-0.64,89,93,3.4,RU,1730173934
282,urengoy,65.9667,78.3667,-10.72,99,96,1.04,RU,1730173935
283,syktyvkar,61.6764,50.8099,-1.15,100,40,3.0,RU,1730173936
284,nar'yan-mar,67.6713,53.087,1.05,84,100,6.85,RU,1730173939
285,marka,1.7159,44.7717,26.08,75,95,3.75,SO,1730173941
286,east end,34.5507,-92.341,23.22,58,46,4.76,US,1730173942
287,bandipura,34.4167,74.65,16.78,60,100,2.39,IN,1730173943
288,sidi khaled,34.387,4.9879,20.55,56,100,4.93,DZ,1730173944
289,nioki,-2.7167,17.6833,21.71,96,100,1.15,CD,1730173945
290,zavodskoy,43.4597,132.2922,11.77,58,75,6.0,RU,1730173946
291,maragogi,-9.0122,-35.2225,24.76,77,55,4.23,BR,1730173947
292,dubbo,-32.25,148.6167,28.07,26,0,3.6,AU,1730173948
293,ibshaway,29.358,30.6814,18.44,69,32,5.35,EG,1730173950
294,palmer,42.1584,-72.3287,4.73,79,77,1.33,US,1730173951
295,chagoda,59.164,35.3285,5.12,88,100,2.8,RU,1730173952
296,ketchikan,55.3422,-131.6461,6.3,81,100,1.54,US,1730173953
297,rosario oeste,-14.8361,-56.4275,23.4,95,100,0.76,BR,1730173954
298,ewo,-0.8725,14.8206,21.67,96,83,1.92,CG,1730173955
299,la mira,18.035,-102.3266,24.61,87,0,1.86,MX,1730173956
300,yarmouth,41.7057,-70.2286,-0.94,86,0,0.0,US,1730173958
301,ternate,0.8,127.4,29.4,71,85,3.99,ID,1730173959
302,sengkang,-4.1279,120.0297,36.14,35,55,4.72,ID,1730173960
303,broken hill,-31.95,141.4333,25.69,19,0,4.44,AU,1730173961
304,bouna,9.2667,-3.0,22.92,74,94,0.8,CI,1730173962
305,kani keli,-12.9536,45.1033,27.59,79,79,4.57,YT,1730173964
306,bonthe,7.5264,-12.505,25.24,89,39,1.42,SL,1730173966
307,san francisco de la paz,14.9,-86.2,20.06,96,93,1.08,HN,1730173967
308,woodland park,40.8898,-74.1949,12.54,74,0,1.54,US,1730173968
309,rundu,-17.9333,19.7667,14.78,11,4,2.19,NA,1730173969
310,hobyo,5.3505,48.5268,26.24,77,99,2.11,SO,1730173970
311,kasangulu,-4.5911,15.1708,22.31,95,100,1.02,CD,1730173971
312,minervino murge,41.0843,16.0784,13.4,96,10,2.32,IT,1730173972
313,jalai nur,49.45,117.7,7.67,44,27,3.77,CN,1730173973
314,bengkulu,-3.8004,102.2655,30.02,62,8,3.7,ID,1730173975
315,tadine,-21.55,167.8833,23.52,72,100,5.22,NC,1730173976
316,melilla,35.2937,-2.9383,16.21,88,40,0.0,ES,1730173977
317,east london,-33.0153,27.9116,16.52,72,0,3.09,ZA,1730173978
318,kenai,60.5544,-151.2583,-0.48,98,100,7.72,US,1730173979
319,la passe,45.5549,-0.8967,12.91,92,11,2.54,FR,1730173980
320,erdemli,36.605,34.3084,18.82,30,64,2.62,TR,1730173981
321,iquique,-20.2208,-70.1431,16.88,78,2,1.32,CL,1730173982
322,lemvig,56.5486,8.3102,11.34,94,96,2.16,DK,1730173984
323,kapuskasing,49.4169,-82.4331,4.05,75,100,8.23,CA,1730173985
324,corn island,12.1694,-83.0418,27.23,81,100,4.23,NI,1730173986
325,sao vicente,-23.9631,-46.3919,20.55,26,100,1.11,BR,1730173987
326,sisimiut,66.9395,-53.6735,-9.96,63,53,3.96,GL,1730173988
327,puerto lempira,15.2667,-83.7667,25.85,85,100,0.82,HN,1730173989
328,hassi messaoud,31.6804,6.0729,20.92,40,40,4.12,DZ,1730173990
329,carbonear,47.7332,-53.2148,1.3,89,22,4.57,CA,1730173992
330,abra pampa,-22.7205,-65.697,11.11,64,61,5.93,AR,1730173993
331,krasnoarmeysk,51.0239,45.6969,5.59,91,100,2.05,RU,1730173994
332,callao,-12.0667,-77.15,17.16,82,75,5.14,PE,1730173995
333,polyarnyye zori,67.3661,32.4981,-1.85,80,23,3.62,RU,1730173996
334,vila velha,-20.3297,-40.2925,20.97,96,75,3.13,BR,1730173997
335,charlestown,-32.95,151.6667,22.45,64,27,1.34,AU,1730173998
336,san ignacio,17.1561,-89.0714,19.08,88,75,7.2,BZ,1730173999
337,aykhal,66.0,111.5,-18.35,99,100,2.38,RU,1730174001
338,benjamin aceval,-24.9667,-57.5667,26.22,41,3,2.24,PY,1730174002
339,conceicao da feira,-12.5058,-38.9986,20.04,98,6,1.4,BR,1730174003
340,roses,42.262,3.1769,17.4,93,100,0.89,ES,1730174004
341,tudela de duero,41.5845,-4.5809,10.93,89,14,5.73,ES,1730174005
342,oamaru,-45.0784,170.9801,13.54,75,100,3.43,NZ,1730174006
343,margate,51.3813,1.3862,14.37,91,84,0.45,GB,1730174007
344,mejit,10.2753,170.8646,29.15,75,97,5.69,MH,1730174009
345,carnarvon,-24.8667,113.6333,26.7,56,0,7.4,AU,1730174010
346,punta de bombon,-17.1717,-71.7931,17.25,84,97,1.68,PE,1730174011
347,dalandzadgad,43.5708,104.425,9.71,28,100,1.73,MN,1730174012
348,cestos city,5.46,-9.5828,25.27,86,99,1.38,LR,1730174013
349,rongelap,11.1635,166.8941,28.81,75,77,3.54,MH,1730174014
350,bubaque,11.2833,-15.8333,28.35,69,8,3.26,GW,1730174015
351,okeechobee,27.2439,-80.8298,20.57,74,100,3.19,US,1730174017
352,bakaly,55.1789,53.8028,2.05,76,100,1.93,RU,1730174018
353,naze,28.3667,129.4833,24.51,85,81,2.92,JP,1730174019
354,karratha,-20.7377,116.8463,35.16,37,6,5.2,AU,1730174020
355,berdigestyakh,62.0989,126.6992,-10.73,91,100,1.76,RU,1730174021
356,maru,12.3342,6.4057,23.28,24,4,3.43,NG,1730174023
357,codrington,-38.2667,141.9667,16.35,66,84,5.92,AU,1730174024
358,port moresby,-9.4431,147.1797,32.68,58,40,7.72,PG,1730174025
359,sicuani,-14.2694,-71.2261,11.06,75,99,1.98,PE,1730174026
360,bairnsdale,-37.8333,147.6167,21.7,51,32,1.34,AU,1730174027
361,peace river,56.2501,-117.286,-0.83,86,100,3.09,CA,1730174028
362,soure,-0.7167,-48.5233,26.67,78,76,3.97,BR,1730174029
363,ust-tsilma,65.441,52.1498,2.06,85,96,4.1,RU,1730174031
364,geraldton,-28.7667,114.6,30.23,35,0,6.17,AU,1730174032
365,brookings,44.3114,-96.7984,14.54,61,0,0.0,US,1730173745
366,okakarara,-20.5833,17.4333,8.96,34,0,1.98,NA,1730174035
367,al kharijah,25.4514,30.5464,16.98,63,20,3.49,EG,1730174036
368,waingapu,-9.6567,120.2641,32.65,55,13,7.99,ID,1730174037
369,el granada,37.5027,-122.4694,13.8,82,100,10.29,US,1730173845
370,new norfolk,-42.7826,147.0587,21.51,49,50,3.28,AU,1730174040
371,nagqu,31.5,92.0,9.25,18,0,5.38,CN,1730174041
372,kapit,2.0167,112.9333,35.37,45,82,0.22,MY,1730174042
373,springbok,-29.6643,17.8865,8.08,92,65,1.29,ZA,1730174043
374,punta arenas,-53.15,-70.9167,7.06,76,0,8.75,CL,1730174044
375,holyhead,53.3062,-4.6321,13.0,94,100,2.57,GB,1730174045
376,kalabo,-14.97,22.6814,19.25,81,18,1.06,ZM,1730174046
377,xai-xai,-25.0519,33.6442,23.91,89,100,2.72,MZ,1730174048
378,nouadhibou,20.931,-17.0347,19.18,85,9,6.92,MR,1730174049
379,griffith,41.5284,-87.4237,18.3,60,0,6.69,US,1730174050
380,willowmore,-33.2926,23.4895,13.15,85,100,8.11,ZA,1730174051
381,susuman,62.7833,148.1667,-13.85,87,100,1.31,RU,1730174052
382,key west,24.5557,-81.7826,27.0,74,40,6.69,US,1730174053
383,reggane,26.7158,0.1714,25.66,22,100,2.74,DZ,1730174054
384,el alto,-4.2714,-81.2147,17.5,85,91,6.49,PE,1730174056
385,i-n-salah,27.1935,2.4607,26.44,23,98,2.79,DZ,1730174057
386,shingu,33.7333,135.9833,18.79,98,100,4.11,JP,1730174058
387,koronowo,53.3137,17.937,12.05,96,100,2.14,PL,1730174059
388,puerto deseado,-47.7503,-65.8938,10.77,67,5,2.58,AR,1730174060
389,weno,7.4515,151.8468,31.97,84,40,3.09,FM,1730174062
390,wanning,18.8003,110.3967,25.16,91,100,5.86,CN,1730174063
391,shache,38.4167,77.2406,13.66,39,49,2.39,CN,1730174065
392,amahai,-3.3333,128.9167,29.15,72,93,4.33,ID,1730174066
393,zhuanghe,39.7008,122.9911,15.6,44,96,2.8,CN,1730174067
394,chilliwack,49.1747,-121.9443,9.03,98,100,0.51,CA,1730173843
395,krasnokamensk,50.0979,118.0369,5.24,52,10,2.26,RU,1730174069
396,klaksvik,62.2266,-6.589,10.29,92,100,10.97,FO,1730174070
397,mahbubnagar,16.7333,77.9833,25.29,64,95,1.05,IN,1730174071
398,boyolangu,-8.1181,111.8935,31.9,52,8,4.81,ID,1730174072
399,la sarre,48.8002,-79.1996,0.82,50,100,5.35,CA,1730174074
400,pendleton,45.6721,-118.7886,8.94,71,9,3.13,US,1730174075
401,enewetak,11.3474,162.3373,28.84,74,81,5.21,MH,1730174076
402,battambang,13.1027,103.1982,29.31,67,51,0.3,KH,1730174077
403,labasa,-16.4167,179.3833,26.7,64,99,3.76,FJ,1730174078
404,cruz alta,-28.6386,-53.6064,16.09,85,0,3.68,BR,1730174079
405,sola,-13.8833,167.55,28.37,84,75,0.0,VU,1730174080
406,hirara,24.8,125.2833,25.15,94,75,12.86,JP,1730174082
407,ad-damazin,11.7891,34.3592,23.82,81,40,3.49,SD,1730174083
408,praia da vitoria,38.7333,-27.0667,18.14,82,75,2.83,PT,1730174084
409,slave lake,55.2834,-114.769,-0.01,74,100,4.63,CA,1730174085
410,port alfred,-33.5906,26.891,14.54,95,71,2.68,ZA,1730174086
411,ekangala,-25.6962,28.7492,12.55,30,76,3.97,ZA,1730174087
412,bodaybo,57.8506,114.1933,-0.11,89,99,0.43,RU,1730174088
413,portland,45.5234,-122.6762,10.34,94,75,0.45,US,1730173839
414,solnechnyy,50.7214,136.6319,5.37,40,0,0.84,RU,1730174091
415,mahenge,-8.6833,36.7167,19.27,84,34,1.69,TZ,1730174092
416,hadibu,12.65,54.0333,25.98,71,6,1.86,YE,1730174093
417,quang ngai,15.1167,108.8,25.69,85,99,2.53,VN,1730174094
418,layou,13.2,-61.2667,27.47,79,100,2.48,VC,1730174095
419,subiaco,41.9254,13.0941,15.23,93,42,1.75,IT,1730174096
420,guerrero negro,27.9769,-114.0611,18.59,88,0,7.55,MX,1730174097
421,belmonte,-15.8631,-38.8828,23.24,89,9,0.71,BR,1730174099
422,duyun,26.2667,107.5167,21.31,53,0,1.88,CN,1730174100
423,kyzyl,51.7,94.45,6.14,54,100,5.23,RU,1730174101
424,fish town,5.1964,-7.8756,22.14,99,100,1.13,LR,1730174102
425,puerto san jose,13.9256,-90.8244,25.57,88,99,1.12,GT,1730174103
426,zhangjiajie,29.1294,110.4783,24.09,43,0,1.37,CN,1730174104
427,mantua,45.1667,10.7833,13.32,98,4,1.34,IT,1730174105
428,dryden,49.7833,-92.7503,9.16,81,20,3.09,CA,1730174106
429,gadzhiyevo,69.2551,33.3362,2.48,74,22,11.9,RU,1730174108
430,madras,13.0878,80.2785,30.48,82,40,4.02,IN,1730174100
431,san patricio,28.017,-97.5169,25.97,74,0,6.76,US,1730174110
432,carutapera,-1.195,-46.02,26.05,76,3,4.28,BR,1730174111
433,machico,32.7,-16.7667,19.84,79,75,6.17,PT,1730174112
434,santa maria,-29.6842,-53.8069,15.61,100,0,0.51,BR,1730174113
435,itagiba,-14.2836,-39.8428,19.66,99,17,0.35,BR,1730174114
436,mayantoc,15.6199,120.377,29.87,73,79,4.48,PH,1730174115
437,qamdo,31.1667,97.2333,9.53,29,81,3.66,CN,1730174117
438,kasongo-lunda,-6.4667,16.8167,21.72,98,100,0.91,CD,1730174118
439,itamaraca,-7.7478,-34.8256,24.89,80,62,5.42,BR,1730174119
440,usogorsk,63.4106,48.6872,1.77,97,100,3.9,RU,1730174120
441,kurumkan,54.3,110.3,1.58,96,100,0.81,RU,1730174121
442,wilmslow,53.328,-2.2315,12.85,94,100,2.57,GB,1730174122
443,yaren,-0.5472,166.916,28.59,72,3,3.76,NR,1730174123
444,selfoss,63.9331,-20.9971,5.02,96,100,2.4,IS,1730174124
445,lamu,-2.2717,40.902,25.98,76,34,3.67,KE,1730174126
446,fortuna,40.5982,-124.1573,10.55,94,75,3.09,US,1730174127
447,guadalupe y calvo,26.1,-106.9667,10.7,60,0,1.89,MX,1730174128
448,arraial do cabo,-22.9661,-42.0278,21.63,86,100,5.53,BR,1730174129
449,sabang,5.8933,95.3214,28.36,76,67,8.91,ID,1730174130
450,nemuro,43.3236,145.575,9.83,51,4,2.97,JP,1730174131
451,puerto baquerizo moreno,-0.9,-89.6,19.96,81,88,4.42,EC,1730174132
452,el nido,11.1858,119.3956,31.19,76,99,6.81,PH,1730174134
453,burang,30.25,81.1667,5.47,42,0,2.19,CN,1730174135
454,mugia,43.1041,-9.2179,12.17,85,35,9.0,ES,1730174136
455,coahuayana de hidalgo,18.7,-103.6583,24.83,91,1,1.59,MX,1730174137
456,huarmey,-10.0681,-78.1522,18.02,87,100,3.8,PE,1730174138
457,pyapon,16.2833,95.6833,30.01,77,23,2.83,MM,1730174139
458,natitingou,10.3042,1.3796,21.91,57,100,1.16,BJ,1730174140
459,necochea,-38.5473,-58.7368,13.71,77,1,1.19,AR,1730174141
460,yigo village,13.5361,144.8886,29.86,77,75,4.12,GU,1730174143
461,walvis bay,-22.9575,14.5053,9.53,100,100,4.63,NA,1730174144
462,dabakala,8.3667,-4.4333,23.02,95,100,1.55,CI,1730174145
463,tazacorte,28.629,-17.9293,18.54,68,0,4.12,ES,1730174146
464,rehoboth,-23.3167,17.0833,7.76,30,0,1.89,NA,1730174147
465,okha,53.5739,142.9478,1.04,58,69,7.61,RU,1730174148
466,jumla,29.2747,82.1838,15.96,47,8,1.56,NP,1730174149
467,taytay,14.5678,121.1394,31.1,73,40,5.14,PH,1730174151
468,malango,-2.9627,119.9001,30.26,47,46,2.15,ID,1730174152
469,nizhniy odes,63.6445,54.856,1.36,78,100,3.77,RU,1730174154
470,namibe,-15.1961,12.1522,17.41,85,6,0.47,AO,1730174155
471,mahavelona,-17.6848,49.5087,25.15,85,7,1.02,MG,1730174156
472,pandan,14.0453,124.1694,28.39,76,100,8.17,PH,1730174158
473,lamar,33.6668,-95.5836,22.95,71,0,4.63,US,1730174159
474,san jose de mayo,-34.3375,-56.7136,16.33,81,0,3.44,UY,1730174160
475,leh,34.1667,77.5833,2.85,46,8,2.69,IN,1730174161
476,caleta olivia,-46.4393,-67.5281,15.4,45,8,7.85,AR,1730174162
477,banff,51.1762,-115.5698,0.21,86,90,1.54,CA,1730174163
478,haridwar,29.9667,78.1667,22.44,59,0,0.16,IN,1730174164
479,chengyang,27.0892,119.6453,25.84,59,82,0.99,CN,1730174166
480,orcopampa,-15.2661,-72.3417,6.47,94,100,1.88,PE,1730174167
481,aconibe,1.2968,10.9369,19.95,100,100,0.71,GQ,1730174169
482,shakiso,5.75,38.9167,14.74,97,51,1.33,ET,1730174170
483,akureyri,65.6835,-18.0878,4.96,75,75,3.09,IS,1730174171
484,san antonio de pale,-1.4014,5.6325,25.42,83,100,5.47,GQ,1730174172
485,kuusamo,65.9667,29.1833,-1.98,86,0,4.12,FI,1730174174
486,kimbe,-5.5502,150.1429,29.82,73,61,1.96,PG,1730174175
487,nikolayevsk-on-amure,53.1406,140.73,1.53,68,82,4.28,RU,1730174176
488,nenjiang,49.1833,125.2167,6.37,74,100,4.53,CN,1730174177
489,mogocha,53.7333,119.7667,1.96,60,15,1.12,RU,1730174178
490,kharan,28.5833,65.4167,19.28,37,0,2.06,PK,1730174179
491,iron river,46.0927,-88.6423,11.44,63,100,5.16,US,1730174182
492,kangding,30.0513,101.9603,17.29,52,54,1.39,CN,1730174183
493,waiuku,-37.25,174.75,20.81,66,81,5.76,NZ,1730174184
494,san juan de miraflores,-12.1629,-76.9635,16.29,88,45,4.3,PE,1730174185
495,cuamba,-14.8031,36.5372,24.89,55,27,2.95,MZ,1730174186
496,baley,51.6,116.6333,3.01,64,23,2.06,RU,1730174187
497,castillos,-34.1667,-53.8333,12.86,84,0,2.05,UY,1730174188
498,alagoinhas,-12.1356,-38.4192,20.27,97,5,1.25,BR,1730174022
499,kirensk,57.7853,108.1119,1.1,92,91,0.23,RU,1730174191
500,kodinsk,58.6881,99.1844,0.87,91,100,1.78,RU,1730174192
501,cadale,2.7603,46.3222,25.52,79,26,2.79,SO,1730174193
502,ngaruawahia,-37.6674,175.1555,19.55,68,77,7.15,NZ,1730174194
503,maracacume,-2.0428,-45.9592,22.39,91,0,1.62,BR,1730174195
504,huai khot,15.2909,99.6166,30.3,68,31,1.75,TH,1730174196
505,mwanza,-2.5167,32.9,22.57,74,100,1.37,TZ,1730174197
506,tomatlan,19.9333,-105.25,22.62,92,0,1.36,MX,1730174199
507,carloforte,39.145,8.3058,18.98,83,42,5.74,IT,1730174200
508,tongouson,5.0214,120.1328,29.15,70,100,3.48,PH,1730174201
509,selkirk,50.1436,-96.8845,8.43,73,29,0.89,CA,1730174202
510,mayahi,13.9553,7.6712,24.37,17,9,3.78,NE,1730174203
511,zheshart,62.0731,49.5733,1.51,89,77,3.92,RU,1730174204
512,kilindoni,-7.9139,39.6668,27.12,76,7,1.63,TZ,1730174205
513,calama,-22.4667,-68.9333,12.27,14,0,2.06,CL,1730174207
514,dakhla,23.6848,-15.958,19.14,88,0,6.21,EH,1730174208
515,polyarnyy,69.1989,33.4478,2.34,76,19,11.49,RU,1730174209
516,taoudenni,22.6783,-3.9836,23.38,29,36,3.65,ML,1730174211
517,waddan,29.1614,16.139,18.84,40,0,2.73,LY,1730174212
518,gargalianoi,37.0667,21.6333,15.87,60,47,2.24,GR,1730174213
519,kapa'a,22.0752,-159.319,26.18,88,75,6.69,US,1730174214
520,sabha,27.0377,14.4283,18.76,32,52,4.35,LY,1730174216
521,pacasmayo,-7.4006,-79.5714,17.54,85,85,4.41,PE,1730174217
522,guarapari,-20.6667,-40.4975,21.33,96,100,2.48,BR,1730174218
523,moyale,3.5167,39.0584,21.35,75,100,2.25,KE,1730174219
524,chifeng,42.2683,118.9636,14.06,41,35,8.54,CN,1730174220
525,truth or consequences,33.1284,-107.2528,23.13,18,0,1.54,US,1730174221
526,south hedland,-20.4089,118.5983,35.96,38,43,6.17,AU,1730174222
527,fort-shevchenko,44.5086,50.263,9.88,64,100,1.55,KZ,1730174223
528,sihanoukville,10.6093,103.5296,28.97,79,40,1.54,KH,1730174225
529,port elizabeth,-33.918,25.5701,16.29,99,100,8.75,ZA,1730174226
530,ancud,-41.8697,-73.8203,8.93,92,38,2.01,CL,1730174227
531,masterton,-40.9597,175.6575,13.58,77,100,3.12,NZ,1730174228
532,schweizer-reneke,-27.1887,25.3293,8.91,75,0,2.44,ZA,1730174229
533,vorkuta,67.5,64.0,-2.43,96,100,4.88,RU,1730174230
534,flying fish cove,-10.4217,105.6791,26.82,78,75,5.14,CX,1730174231
535,usinsk,65.9939,57.5281,-1.1,90,52,8.23,RU,1730174233
536,tsengel,49.4783,100.8894,2.72,62,100,1.69,MN,1730174235
537,igrim,63.1906,64.4162,-1.51,86,90,2.76,RU,1730174236
538,tangalle,6.024,80.7911,30.1,64,88,4.64,LK,1730174237
539,saliste,45.7963,23.8868,9.36,87,75,0.51,RO,1730174238
540,norman gardens,-23.3224,150.5393,31.29,33,23,4.63,AU,1730174239
541,samarinda,-0.5,117.15,33.98,51,48,0.68,ID,1730174241
542,hawera,-39.5917,174.2833,12.65,88,100,5.89,NZ,1730174242
543,landeck,47.1301,10.5636,11.23,82,13,0.45,AT,1730174243
544,nuuk,64.1835,-51.7216,-3.4,73,99,1.79,GL,1730174244
545,great falls,47.5002,-111.3008,4.27,59,0,4.63,US,1730174245
546,mangalam,9.7667,78.6667,30.06,61,99,2.14,IN,1730174246
547,el fasher,13.6279,25.3494,22.3,19,6,2.75,SD,1730174247
548,riyadh,24.6877,46.7219,20.43,33,12,2.01,SA,1730174249
549,urzhar,47.093,81.6294,4.38,69,100,2.33,KZ,1730174250
550,labytnangi,66.6572,66.4183,-7.63,93,58,2.39,RU,1730174251
551,pistoia,43.9667,10.8333,12.14,93,53,1.34,IT,1730174253
552,mutki,38.4094,41.9186,5.06,51,0,2.59,TR,1730174254
553,cooper's town,26.8667,-77.5167,24.73,74,100,8.5,BS,1730174256
554,changsha,28.2,112.9667,20.09,54,100,1.2,CN,1730174257
555,dunedin,-45.8742,170.5036,12.11,72,77,1.34,NZ,1730174258
556,alofi,-19.0595,-169.9187,26.94,65,40,6.17,NU,1730174259
557,berezovo,63.9381,65.0419,-4.44,96,97,2.36,RU,1730174260
558,kokpekty,48.75,82.4,4.6,55,100,6.55,KZ,1730174261
559,tobruk,32.0836,23.9764,20.18,63,12,5.41,LY,1730174262
560,baruun-urt,46.6806,113.2792,5.08,59,23,2.08,MN,1730174263
561,villa gesell,-37.2639,-56.973,17.69,67,1,5.56,AR,1730174265
562,mount pearl,47.5166,-52.7813,2.4,88,20,4.63,CA,1730174266
563,amalapuram,16.5833,82.0167,31.65,55,49,0.69,IN,1730174267
564,motygino,58.1831,94.7592,2.37,96,100,2.41,RU,1730174268
565,pucheng,27.9233,118.5333,22.73,60,90,2.1,CN,1730174269
